activity name,time started,time ended,comment,categories,record tags,duration,duration minutes
Euskara ,2024-02-18 05:23:29,2024-02-18 05:32:46,,,,0:9:17,9
espalda pilates,2024-02-18 05:48:17,2024-02-18 07:32:01,,,,1:43:44,103
coding,2024-02-18 07:31:59,2024-02-18 07:33:07,,,,0:1:8,1
coding,2024-02-18 07:35:50,2024-02-18 07:36:19,,,,0:0:29,0
Izan ,2024-02-18 07:36:22,2024-02-18 08:04:34,,,,0:28:12,28
Work,2024-02-19 05:43:42,2024-02-19 05:53:17,,,,0:9:35,9
Izan ,2024-02-19 05:53:27,2024-02-19 06:29:04,,,,0:35:37,35
Rebeca casa,2024-02-19 06:29:04,2024-02-19 08:14:40,,,,1:45:36,105
Work,2024-02-19 06:29:11,2024-02-19 07:37:47,,,,1:8:36,68
Izan ,2024-02-19 07:37:51,2024-02-19 08:14:26,,,,0:36:35,36
Work,2024-02-19 08:14:33,2024-02-19 09:13:14,,,,0:58:41,58
espalda pilates,2024-02-19 09:13:15,2024-02-19 10:50:37,,,,1:37:22,97
Work,2024-02-19 11:42:32,2024-02-19 12:27:16,,,,0:44:44,44
espalda pilates,2024-02-19 12:27:18,2024-02-19 14:06:21,,,,1:39:3,99
Work,2024-02-19 13:36:26,2024-02-19 16:40:18,,,,3:3:52,183
Izan ,2024-02-19 16:40:21,2024-02-19 17:29:02,,,,0:48:41,48
Work,2024-02-19 17:29:25,2024-02-19 18:51:42,,,,1:22:17,82
Work,2024-02-20 05:14:24,2024-02-20 06:30:26,,,,1:16:2,76
Work,2024-02-20 06:30:30,2024-02-20 07:01:09,,,,0:30:39,30
Work,2024-02-20 07:01:11,2024-02-20 07:43:53,,,,0:42:42,42
Izan ,2024-02-20 07:44:01,2024-02-20 08:20:51,,,,0:36:50,36
Rebeca casa,2024-02-20 07:44:06,2024-02-20 08:20:55,,,,0:36:49,36
espalda pilates,2024-02-20 08:20:04,2024-02-20 08:40:23,,,,0:20:19,20
Rebeca casa,2024-02-20 08:20:55,2024-02-20 08:40:42,,,,0:19:47,19
espalda pilates,2024-02-20 08:40:35,2024-02-20 08:55:41,,,,0:15:6,15
espalda pilates,2024-02-20 08:55:26,2024-02-20 09:59:34,,,,1:4:8,64
Work,2024-02-20 09:59:39,2024-02-20 12:46:57,,,,2:47:18,167
espalda pilates,2024-02-20 12:46:59,2024-02-20 14:32:42,,,,1:45:43,105
Work,2024-02-20 14:02:46,2024-02-20 16:52:55,,,,2:50:9,170
Izan ,2024-02-20 16:53:03,2024-02-20 17:41:15,,,,0:48:12,48
Work,2024-02-20 17:41:28,2024-02-20 18:15:43,,,,0:34:15,34
Rebeca casa,2024-02-20 17:41:32,2024-02-20 18:15:45,,,,0:34:13,34
Casa,2024-02-20 18:15:01,2024-02-20 18:45:25,,,,0:30:24,30
Casa,2024-02-20 18:45:21,2024-02-20 19:40:21,,,,0:55:0,55
Rebeca casa,2024-02-20 18:45:51,2024-02-20 19:40:24,,,,0:54:33,54
Casa,2024-02-20 19:40:17,2024-02-20 20:00:17,,,,0:20:0,20
Work,2024-02-21 04:53:16,2024-02-21 05:36:30,,,,0:43:14,43
espalda pilates,2024-02-21 05:36:43,2024-02-21 05:55:00,,,,0:18:17,18
espalda pilates,2024-02-21 05:55:07,2024-02-21 06:30:43,,,,0:35:36,35
espalda pilates,2024-02-21 06:30:49,2024-02-21 07:02:39,,,,0:31:50,31
espalda pilates,2024-02-21 07:02:44,2024-02-21 07:12:52,,,,0:10:8,10
Rebeca casa,2024-02-21 07:02:49,2024-02-21 07:12:51,,,,0:10:2,10
espalda pilates,2024-02-21 07:12:54,2024-02-21 07:28:56,,,,0:16:2,16
Rebeca casa,2024-02-21 07:29:03,2024-02-21 08:38:15,,,,1:9:12,69
Work,2024-02-21 07:29:08,2024-02-21 07:40:54,,,,0:11:46,11
Izan ,2024-02-21 07:40:03,2024-02-21 08:19:06,,,,0:39:3,39
Work,2024-02-21 08:19:14,2024-02-21 08:38:14,,,,0:19:0,19
Work,2024-02-21 08:38:56,2024-02-21 09:00:27,,,,0:21:31,21
Work,2024-02-21 09:00:46,2024-02-21 11:55:10,,,,2:54:24,174
espalda pilates,2024-02-21 11:55:21,2024-02-21 13:19:15,,,,1:23:54,83
Work,2024-02-21 13:19:31,2024-02-21 16:42:43,,,,3:23:12,203
Izan ,2024-02-21 16:42:48,2024-02-21 17:38:29,,,,0:55:41,55
Casa,2024-02-21 17:38:38,2024-02-21 17:57:28,,,,0:18:50,18
Rebeca casa,2024-02-21 17:39:07,2024-02-21 19:48:30,,,,2:9:23,129
Work,2024-02-21 17:57:35,2024-02-21 18:30:16,,,,0:32:41,32
Work,2024-02-21 18:30:54,2024-02-21 19:00:54,,,,0:30:0,30
Work,2024-02-21 19:00:52,2024-02-21 19:13:52,,,,0:13:0,13
Izan ,2024-02-21 19:13:23,2024-02-21 19:48:29,,,,0:35:6,35
Casa,2024-02-21 19:48:36,2024-02-21 20:30:10,,,,0:41:34,41
Casa,2024-02-21 20:30:51,2024-02-21 20:45:51,,,,0:15:0,15
Work,2024-02-22 06:17:33,2024-02-22 06:41:34,,,,0:24:1,24
Izan ,2024-02-22 06:41:37,2024-02-22 07:12:29,,,,0:30:52,30
Work,2024-02-22 07:12:41,2024-02-22 09:08:30,,,,1:55:49,115
Work,2024-02-22 09:08:26,2024-02-22 09:38:46,,,,0:30:20,30
Rebeca casa,2024-02-22 09:08:37,2024-02-22 12:22:26,,,,3:13:49,193
espalda pilates,2024-02-22 09:38:26,2024-02-22 10:15:38,,,,0:37:12,37
Casa,2024-02-22 10:15:00,2024-02-22 11:00:23,,,,0:45:23,45
Work,2024-02-22 11:00:26,2024-02-22 12:22:21,,,,1:21:55,81
espalda pilates,2024-02-22 12:22:42,2024-02-22 13:15:41,,,,0:52:59,52
Rebeca casa,2024-02-22 13:15:51,2024-02-22 16:50:45,,,,3:34:54,214
Work,2024-02-22 13:15:59,2024-02-22 16:50:44,,,,3:34:45,214
espalda pilates,2024-02-22 16:51:03,2024-02-22 18:00:13,,,,1:9:10,69
Work,2024-02-22 18:00:17,2024-02-22 18:30:38,,,,0:30:21,30
Work,2024-02-23 04:14:22,2024-02-23 05:40:43,,,,1:26:21,86
Work,2024-02-23 05:40:57,2024-02-23 05:52:07,,,,0:11:10,11
Work,2024-02-23 05:52:17,2024-02-23 06:26:40,,,,0:34:23,34
Work,2024-02-23 06:27:00,2024-02-23 07:03:20,,,,0:36:20,36
Work,2024-02-23 07:03:23,2024-02-23 07:23:35,,,,0:20:12,20
Izan ,2024-02-23 07:23:40,2024-02-23 08:26:59,,,,1:3:19,63
Rebeca casa,2024-02-23 07:45:00,2024-02-23 08:27:24,,,,0:42:24,42
Work,2024-02-23 08:27:05,2024-02-23 08:55:46,,,,0:28:41,28
Work,2024-02-23 08:55:51,2024-02-23 12:35:48,,,,3:39:57,219
espalda pilates,2024-02-23 12:35:50,2024-02-23 14:23:56,,,,1:48:6,108
Work,2024-02-23 14:24:00,2024-02-23 20:31:16,,,,6:7:16,367
espalda pilates,2024-02-24 06:00:25,2024-02-24 07:01:27,,,,1:1:2,61
espalda pilates,2024-02-24 07:01:32,2024-02-24 07:52:47,,,,0:51:15,51
Izan ,2024-02-24 07:52:53,2024-02-24 08:37:27,,,,0:44:34,44
Work,2024-02-24 08:38:16,2024-02-24 08:38:17,,,,0:0:1,0
Izan ,2024-02-24 09:24:31,2024-02-24 13:02:19,,,,3:37:48,217
Rebeca casa,2024-02-24 09:25:58,2024-02-24 13:02:19,,,,3:36:21,216
espalda pilates,2024-02-24 13:02:33,2024-02-24 20:49:16,,,,7:46:43,466
espalda pilates,2024-02-25 06:17:09,2024-02-25 07:15:03,,,,0:57:54,57
espalda pilates,2024-02-25 07:15:22,2024-02-25 08:27:46,,,,1:12:24,72
espalda pilates,2024-02-25 08:27:05,2024-02-25 08:59:22,,,,0:32:17,32
Izan ,2024-02-25 08:59:23,2024-02-25 09:51:41,,,,0:52:18,52
Work,2024-02-26 05:45:32,2024-02-26 07:00:15,,,,1:14:43,74
Work,2024-02-26 07:00:12,2024-02-26 07:45:41,,,,0:45:29,45
Izan ,2024-02-26 07:45:33,2024-02-26 08:21:37,,,,0:36:4,36
Work,2024-02-26 08:21:41,2024-02-26 09:00:17,,,,0:38:36,38
Work,2024-02-26 09:00:19,2024-02-26 10:15:25,,,,1:15:6,75
espalda pilates,2024-02-26 10:15:31,2024-02-26 11:00:50,,,,0:45:19,45
Work,2024-02-26 11:00:00,2024-02-26 12:15:03,,,,1:15:3,75
espalda pilates,2024-02-26 12:15:09,2024-02-26 13:00:14,,,,0:45:5,45
Work,2024-02-26 13:00:20,2024-02-26 16:59:37,,,,3:59:17,239
Izan ,2024-02-26 16:59:41,2024-02-26 17:30:42,,,,0:31:1,31
Izan ,2024-02-26 17:30:42,2024-02-26 17:57:48,,,,0:27:6,27
Rebeca casa,2024-02-26 17:30:48,2024-02-26 18:15:38,,,,0:44:50,44
espalda pilates,2024-02-26 18:16:40,2024-02-26 18:20:39,,,,0:3:59,3
espalda pilates,2024-02-26 18:20:49,2024-02-26 18:46:19,,,,0:25:30,25
Izan ,2024-02-26 18:46:23,2024-02-26 20:02:19,,,,1:15:56,75
espalda pilates,2024-02-26 20:02:22,2024-02-26 20:51:38,,,,0:49:16,49
Casa,2024-02-26 20:45:48,2024-02-26 21:17:00,,,,0:31:12,31
Work,2024-02-27 05:52:40,2024-02-27 07:30:21,,,,1:37:41,97
Work,2024-02-27 07:30:40,2024-02-27 08:00:45,,,,0:30:5,30
Izan ,2024-02-27 08:00:01,2024-02-27 08:30:08,,,,0:30:7,30
Izan ,2024-02-27 08:30:14,2024-02-27 09:00:36,,,,0:30:22,30
Work,2024-02-27 09:00:40,2024-02-27 12:43:49,,,,3:43:9,223
espalda pilates,2024-02-27 12:43:58,2024-02-27 14:26:50,,,,1:42:52,102
Work,2024-02-27 14:27:05,2024-02-27 17:54:22,,,,3:27:17,207
Casa,2024-02-27 18:15:17,2024-02-27 20:35:17,,,,2:20:0,140
Rebeca casa,2024-02-27 18:15:17,2024-02-27 20:35:17,,,,2:20:0,140
Casa,2024-02-27 20:35:54,2024-02-27 20:55:54,,,,0:20:0,20
Work,2024-02-28 05:06:19,2024-02-28 06:15:45,,,,1:9:26,69
Work,2024-02-28 06:15:57,2024-02-28 06:45:50,,,,0:29:53,29
Work,2024-02-28 06:45:57,2024-02-28 06:57:02,,,,0:11:5,11
Work,2024-02-28 06:57:05,2024-02-28 07:50:51,,,,0:53:46,53
Rebeca casa,2024-02-28 07:30:33,2024-02-28 07:51:32,,,,0:20:59,20
Casa,2024-02-28 07:30:51,2024-02-28 07:51:33,,,,0:20:42,20
Rebeca casa,2024-02-28 07:50:56,2024-02-28 08:19:03,,,,0:28:7,28
Izan ,2024-02-28 07:51:01,2024-02-28 08:19:02,,,,0:28:1,28
Izan ,2024-02-28 08:00:03,2024-02-28 08:19:35,,,,0:19:32,19
Work,2024-02-28 08:15:10,2024-02-28 09:00:53,,,,0:45:43,45
Work,2024-02-28 09:00:14,2024-02-28 11:15:17,,,,2:15:3,135
Work,2024-02-28 13:45:40,2024-02-28 14:45:35,,,,0:59:55,59
Work,2024-02-28 14:45:40,2024-02-28 15:16:24,,,,0:30:44,30
Work,2024-02-28 15:16:51,2024-02-28 17:07:44,,,,1:50:53,110
Izan ,2024-02-28 17:07:50,2024-02-28 21:26:10,,,,4:18:20,258
Work,2024-02-29 05:44:21,2024-02-29 07:00:22,,,,1:16:1,76
Work,2024-02-29 07:30:02,2024-02-29 08:00:04,,,,0:30:2,30
Rebeca casa,2024-02-29 08:00:50,2024-02-29 09:00:01,,,,0:59:11,59
Casa,2024-02-29 08:00:58,2024-02-29 09:00:02,,,,0:59:4,59
Izan ,2024-02-29 09:00:11,2024-02-29 09:17:15,,,,0:17:4,17
Work,2024-02-29 09:17:19,2024-02-29 12:46:24,,,,3:29:5,209
espalda pilates,2024-02-29 12:46:34,2024-02-29 14:30:23,,,,1:43:49,103
Work,2024-02-29 14:30:25,2024-02-29 16:55:35,,,,2:25:10,145
Izan ,2024-02-29 16:55:38,2024-02-29 17:30:51,,,,0:35:13,35
Izan ,2024-02-29 17:30:57,2024-02-29 18:05:02,,,,0:34:5,34
Rebeca casa,2024-02-29 18:05:00,2024-02-29 18:05:02,,,,0:0:2,0
Casa,2024-02-29 20:08:25,2024-02-29 20:08:36,,,,0:0:11,0
Casa,2024-02-29 20:08:47,2024-02-29 20:08:52,,,,0:0:5,0
Izan ,2024-02-29 20:08:58,2024-02-29 20:09:03,,,,0:0:5,0
Rebeca casa,2024-02-29 20:09:01,2024-02-29 20:09:03,,,,0:0:2,0
Izan ,2024-02-29 20:09:05,2024-02-29 20:09:08,,,,0:0:3,0
Sleep,2024-02-29 20:09:42,2024-02-29 20:09:51,,,,0:0:9,0
Work,2024-03-01 05:07:53,2024-03-01 07:20:01,,,,2:12:8,132
Work,2024-03-01 07:20:01,2024-03-01 07:35:54,,,,0:15:53,15
Work,2024-03-01 07:35:03,2024-03-01 08:41:07,,,,1:6:4,66
Izan ,2024-03-01 08:41:29,2024-03-01 09:00:25,,,,0:18:56,18
Izan ,2024-03-01 09:00:30,2024-03-01 10:17:36,,,,1:17:6,77
Work,2024-03-01 10:17:51,2024-03-01 10:17:53,,,,0:0:2,0
espalda pilates,2024-03-01 10:17:56,2024-03-01 11:18:26,,,,1:0:30,60
Work,2024-03-01 11:18:35,2024-03-01 11:39:22,,,,0:20:47,20
espalda pilates,2024-03-01 11:39:32,2024-03-01 13:37:59,,,,1:58:27,118
Work,2024-03-01 13:38:01,2024-03-01 16:58:09,,,,3:20:8,200
Izan ,2024-03-01 16:58:11,2024-03-01 17:50:48,,,,0:52:37,52
Work,2024-03-01 17:50:53,2024-03-01 18:58:42,,,,1:7:49,67
Casa,2024-03-01 18:59:03,2024-03-01 21:00:47,,,,2:1:44,121
espalda pilates,2024-03-02 05:20:19,2024-03-02 07:05:23,,,,1:45:4,105
Work,2024-03-02 07:05:29,2024-03-02 08:28:46,,,,1:23:17,83
Izan ,2024-03-02 08:28:53,2024-03-02 10:08:12,,,,1:39:19,99
Work,2024-03-02 09:35:18,2024-03-02 10:08:29,,,,0:33:11,33
espalda pilates,2024-03-02 10:08:36,2024-03-02 10:56:59,,,,0:48:23,48
Work,2024-03-02 10:57:08,2024-03-02 14:02:11,,,,3:5:3,185
Rebeca casa,2024-03-02 14:02:18,2024-03-02 21:03:59,,,,7:1:41,421
Casa,2024-03-02 14:02:20,2024-03-02 21:03:58,,,,7:1:38,421
Work,2024-03-03 08:20:50,2024-03-03 09:52:53,,,,1:32:3,92
Casa,2024-03-03 09:52:56,2024-03-03 19:45:56,,,,9:53:0,593
Rebeca casa,2024-03-03 09:52:58,2024-03-03 20:18:57,,,,10:25:59,625
Work,2024-03-03 19:45:14,2024-03-03 20:19:16,,,,0:34:2,34
Work,2024-03-04 05:10:52,2024-03-04 06:54:55,,,,1:44:3,104
Work,2024-03-04 06:55:52,2024-03-04 07:50:51,,,,0:54:59,54
Work,2024-03-04 07:50:04,2024-03-04 08:12:54,,,,0:22:50,22
Izan ,2024-03-04 09:23:40,2024-03-04 09:23:49,,,,0:0:9,0
Work,2024-03-04 11:04:28,2024-03-04 11:37:37,,,,0:33:9,33
espalda pilates,2024-03-04 11:37:40,2024-03-04 13:30:36,,,,1:52:56,112
Work,2024-03-04 13:30:40,2024-03-04 16:54:00,,,,3:23:20,203
Izan ,2024-03-04 16:54:01,2024-03-04 17:42:38,,,,0:48:37,48
Rebeca casa,2024-03-04 17:42:40,2024-03-04 20:21:48,,,,2:39:8,159
Casa,2024-03-04 17:42:43,2024-03-04 20:21:47,,,,2:39:4,159
Work,2024-03-05 05:25:23,2024-03-05 09:24:18,,,,3:58:55,238
Izan ,2024-03-05 09:24:20,2024-03-05 12:04:11,,,,2:39:51,159
espalda pilates,2024-03-05 12:04:20,2024-03-05 14:16:52,,,,2:12:32,132
Work,2024-03-05 13:30:55,2024-03-05 17:44:33,,,,4:13:38,253
Work,2024-03-06 05:40:25,2024-03-06 06:32:56,,,,0:52:31,52
Work,2024-03-06 06:33:05,2024-03-06 06:41:30,,,,0:8:25,8
Work,2024-03-06 06:41:48,2024-03-06 07:25:29,,,,0:43:41,43
Work,2024-03-06 07:25:35,2024-03-06 08:18:08,,,,0:52:33,52
Izan ,2024-03-06 08:18:20,2024-03-06 09:12:44,,,,0:54:24,54
Work,2024-03-06 09:12:49,2024-03-06 11:21:59,,,,2:9:10,129
espalda pilates,2024-03-06 11:22:05,2024-03-06 14:26:22,,,,3:4:17,184
Work,2024-03-06 13:30:24,2024-03-06 16:50:43,,,,3:20:19,200
Izan ,2024-03-06 16:50:48,2024-03-06 17:30:55,,,,0:40:7,40
Rebeca casa,2024-03-06 17:30:04,2024-03-06 19:00:03,,,,1:29:59,89
espalda pilates,2024-03-06 17:30:58,2024-03-06 19:00:04,,,,1:29:6,89
Work,2024-03-07 05:00:10,2024-03-07 07:56:24,,,,2:56:14,176
Casa,2024-03-07 07:56:30,2024-03-07 20:44:32,,,,12:48:2,768
Rebeca casa,2024-03-07 07:56:34,2024-03-07 20:44:33,,,,12:47:59,767
Work,2024-03-07 10:00:37,2024-03-07 12:15:39,,,,2:15:2,135
Work,2024-03-07 13:30:32,2024-03-07 17:00:32,,,,3:30:0,210
Work,2024-03-08 04:50:22,2024-03-08 06:20:32,,,,1:30:10,90
espalda pilates,2024-03-08 06:20:43,2024-03-08 08:54:27,,,,2:33:44,153
Rebeca casa,2024-03-08 08:54:35,2024-03-08 08:54:50,,,,0:0:15,0
Izan ,2024-03-08 08:54:41,2024-03-08 08:54:46,,,,0:0:5,0
espalda pilates,2024-03-08 08:54:48,2024-03-08 08:54:50,,,,0:0:2,0
Rebeca casa,2024-03-08 08:54:55,2024-03-08 10:55:10,,,,2:0:15,120
Izan ,2024-03-08 08:55:01,2024-03-08 10:55:09,,,,2:0:8,120
Work,2024-03-08 10:55:14,2024-03-08 12:30:35,,,,1:35:21,95
Work,2024-03-08 14:00:48,2024-03-08 17:00:17,,,,2:59:29,179
Izan ,2024-03-08 17:00:37,2024-03-08 17:30:43,,,,0:30:6,30
Rebeca casa,2024-03-08 17:30:41,2024-03-08 19:40:43,,,,2:10:2,130
Work,2024-03-08 17:30:45,2024-03-08 19:40:48,,,,2:10:3,130
Work,2024-03-09 05:52:53,2024-03-09 08:30:53,,,,2:38:0,158
Work,2024-03-12 05:30:32,2024-03-12 06:25:57,,,,0:55:25,55
Work,2024-03-12 06:25:32,2024-03-12 08:01:26,,,,1:35:54,95
Izan ,2024-03-12 07:45:39,2024-03-12 09:00:33,,,,1:14:54,74
Rebeca casa,2024-03-12 07:45:41,2024-03-12 09:00:33,,,,1:14:52,74
Izan ,2024-03-12 09:00:42,2024-03-12 09:32:45,,,,0:32:3,32
espalda pilates,2024-03-12 10:30:07,2024-03-12 13:00:54,,,,2:30:47,150
Work,2024-03-12 13:00:51,2024-03-12 17:30:06,,,,4:29:15,269
Work,2024-03-13 05:56:21,2024-03-13 08:14:17,,,,2:17:56,137
Rebeca casa,2024-03-13 07:18:42,2024-03-13 20:50:42,,,,13:32:0,812
Casa,2024-03-13 07:18:43,2024-03-13 20:50:43,,,,13:32:0,812
Rebeca casa,2024-03-13 08:14:26,2024-03-13 09:00:56,,,,0:46:30,46
Izan ,2024-03-13 09:00:10,2024-03-13 09:30:13,,,,0:30:3,30
Work,2024-03-13 09:30:16,2024-03-13 13:08:53,,,,3:38:37,218
espalda pilates,2024-03-13 12:30:58,2024-03-13 15:00:07,,,,2:29:9,149
Work,2024-03-13 15:00:12,2024-03-13 17:00:17,,,,2:0:5,120
Izan ,2024-03-13 17:00:17,2024-03-13 17:30:01,,,,0:29:44,29
Work,2024-03-14 07:00:54,2024-03-14 09:32:27,,,,2:31:33,151
Rebeca casa,2024-03-14 07:00:56,2024-03-14 09:32:27,,,,2:31:31,151
Rebeca casa,2024-03-14 09:32:33,2024-03-14 13:30:39,,,,3:58:6,238
espalda pilates,2024-03-14 09:32:34,2024-03-14 10:45:38,,,,1:13:4,73
Work,2024-03-14 10:45:39,2024-03-14 11:30:06,,,,0:44:27,44
espalda pilates,2024-03-14 11:30:39,2024-03-14 13:30:40,,,,2:0:1,120
Work,2024-03-14 13:30:40,2024-03-14 16:51:41,,,,3:21:1,201
Rebeca casa,2024-03-14 13:30:42,2024-03-14 16:51:40,,,,3:20:58,200
espalda pilates,2024-03-14 16:51:42,2024-03-14 18:17:09,,,,1:25:27,85
Rebeca casa,2024-03-14 16:51:46,2024-03-14 18:17:08,,,,1:25:22,85
Rebeca casa,2024-03-14 18:17:13,2024-03-14 20:32:02,,,,2:14:49,134
Casa,2024-03-14 18:17:14,2024-03-14 20:32:03,,,,2:14:49,134
Work,2024-03-15 05:44:27,2024-03-15 08:51:53,,,,3:7:26,187
espalda pilates,2024-03-15 08:51:58,2024-03-15 09:57:28,,,,1:5:30,65
Rebeca casa,2024-03-15 09:57:31,2024-03-15 12:00:32,,,,2:3:1,123
Work,2024-03-15 09:57:34,2024-03-15 12:00:31,,,,2:2:57,122
espalda pilates,2024-03-15 12:00:35,2024-03-15 13:30:39,,,,1:30:4,90
Rebeca casa,2024-03-15 12:00:37,2024-03-15 13:30:40,,,,1:30:3,90
Work,2024-03-15 13:30:41,2024-03-15 17:54:56,,,,4:24:15,264
Rebeca casa,2024-03-15 13:30:43,2024-03-15 17:54:55,,,,4:24:12,264
Work,2024-03-19 09:00:11,2024-03-19 12:05:46,,,,3:5:35,185
espalda pilates,2024-03-19 12:05:51,2024-03-19 12:45:56,,,,0:40:5,40
Work,2024-03-19 12:45:58,2024-03-19 15:07:04,,,,2:21:6,141
Izan ,2024-03-19 15:07:11,2024-03-19 15:30:29,,,,0:23:18,23
Work,2024-03-19 15:30:31,2024-03-19 16:42:51,,,,1:12:20,72
Izan ,2024-03-19 16:42:57,2024-03-19 18:01:01,,,,1:18:4,78
Casa,2024-03-19 18:01:04,2024-03-19 18:19:05,,,,0:18:1,18
Rebeca casa,2024-03-19 18:01:07,2024-03-19 18:19:04,,,,0:17:57,17
Rebeca casa,2024-03-19 18:19:09,2024-03-19 18:48:17,,,,0:29:8,29
Rebeca casa,2024-03-19 18:48:22,2024-03-19 20:00:51,,,,1:12:29,72
Casa,2024-03-19 18:48:25,2024-03-19 20:00:50,,,,1:12:25,72
Work,2024-03-20 06:10:23,2024-03-20 07:43:09,,,,1:32:46,92
Izan ,2024-03-20 07:43:32,2024-03-20 08:43:31,,,,0:59:59,59
Work,2024-03-20 08:43:32,2024-03-20 11:08:27,,,,2:24:55,144
Work,2024-03-20 11:08:37,2024-03-20 11:08:39,,,,0:0:2,0
Work,2024-03-20 13:15:29,2024-03-20 16:44:00,,,,3:28:31,208
Izan ,2024-03-20 16:44:04,2024-03-20 18:30:55,,,,1:46:51,106
Work,2024-03-21 05:15:57,2024-03-21 06:05:24,,,,0:49:27,49
Work,2024-03-21 06:05:25,2024-03-21 08:00:20,,,,1:54:55,114
Rebeca casa,2024-03-21 08:00:34,2024-03-21 10:48:39,,,,2:48:5,168
Work,2024-03-21 09:12:36,2024-03-21 10:48:38,,,,1:36:2,96
espalda pilates,2024-03-21 10:48:47,2024-03-21 12:29:58,,,,1:41:11,101
Rebeca casa,2024-03-21 10:48:51,2024-03-21 12:29:59,,,,1:41:8,101
Rebeca casa,2024-03-21 12:30:02,2024-03-21 13:45:49,,,,1:15:47,75
espalda pilates,2024-03-21 12:30:04,2024-03-21 13:45:48,,,,1:15:44,75
Work,2024-03-21 13:45:51,2024-03-21 15:27:21,,,,1:41:30,101
Rebeca casa,2024-03-21 13:45:54,2024-03-21 15:27:21,,,,1:41:27,101
Work,2024-03-21 16:15:49,2024-03-21 17:55:12,,,,1:39:23,99
Izan ,2024-03-21 18:06:58,2024-03-21 20:20:03,,,,2:13:5,133
Rebeca casa,2024-03-21 18:07:04,2024-03-21 20:20:02,,,,2:12:58,132
Work,2024-03-22 07:00:05,2024-03-22 07:41:05,,,,0:41:0,41
Rebeca casa,2024-03-22 07:41:13,2024-03-22 09:16:42,,,,1:35:29,95
Izan ,2024-03-22 07:41:21,2024-03-22 09:16:41,,,,1:35:20,95
Work,2024-03-22 09:00:44,2024-03-22 10:48:51,,,,1:48:7,108
espalda pilates,2024-03-22 10:48:55,2024-03-22 14:37:24,,,,3:48:29,228
Work,2024-03-22 14:37:26,2024-03-22 16:08:47,,,,1:31:21,91
Work,2024-03-22 16:09:05,2024-03-22 16:39:17,,,,0:30:12,30
Izan ,2024-03-22 17:01:48,2024-03-22 18:02:07,,,,1:0:19,60
Work,2024-03-22 18:02:08,2024-03-22 18:56:13,,,,0:54:5,54
Rebeca casa,2024-03-22 18:02:12,2024-03-22 18:56:14,,,,0:54:2,54
Work,2024-03-25 06:40:13,2024-03-25 09:08:17,,,,2:28:4,148
Rebeca casa,2024-03-25 07:30:03,2024-03-25 09:09:07,,,,1:39:4,99
Izan ,2024-03-25 07:30:58,2024-03-25 09:09:06,,,,1:38:8,98
Work,2024-03-25 09:09:08,2024-03-25 11:12:36,,,,2:3:28,123
espalda pilates,2024-03-25 11:12:42,2024-03-25 14:00:59,,,,2:48:17,168
Work,2024-03-25 14:00:05,2024-03-25 17:00:51,,,,3:0:46,180
Izan ,2024-03-25 17:00:02,2024-03-25 18:20:00,,,,1:19:58,79
Rebeca casa,2024-03-25 17:30:09,2024-03-25 18:30:24,,,,1:0:15,60
Work,2024-03-25 17:30:16,2024-03-25 18:30:24,,,,1:0:8,60
Work,2024-03-26 05:46:26,2024-03-26 07:43:32,,,,1:57:6,117
Izan ,2024-03-26 07:43:38,2024-03-26 09:09:50,,,,1:26:12,86
Rebeca casa,2024-03-26 07:43:42,2024-03-26 09:09:49,,,,1:26:7,86
Work,2024-03-26 09:09:54,2024-03-26 11:59:08,,,,2:49:14,169
espalda pilates,2024-03-26 11:59:10,2024-03-26 13:30:38,,,,1:31:28,91
Work,2024-03-26 13:30:44,2024-03-26 16:44:55,,,,3:14:11,194
Izan ,2024-03-26 16:44:59,2024-03-26 19:25:26,,,,2:40:27,160
Work,2024-03-27 07:08:45,2024-03-27 08:07:58,,,,0:59:13,59
Izan ,2024-03-27 08:08:04,2024-03-27 09:04:27,,,,0:56:23,56
Rebeca casa,2024-03-27 08:08:09,2024-03-27 09:04:26,,,,0:56:17,56
Work,2024-03-27 09:04:29,2024-03-27 12:50:52,,,,3:46:23,226
espalda pilates,2024-03-27 12:50:55,2024-03-27 13:58:53,,,,1:7:58,67
Work,2024-03-27 13:58:54,2024-03-27 16:40:20,,,,2:41:26,161
Izan ,2024-03-27 16:40:26,2024-03-27 21:04:57,,,,4:24:31,264
Work,2024-03-27 18:00:04,2024-03-27 18:30:05,,,,0:30:1,30
Work,2024-03-28 05:20:01,2024-03-28 11:30:14,,,,6:10:13,370
espalda pilates,2024-03-28 11:30:22,2024-03-28 13:45:24,,,,2:15:2,135
Work,2024-03-28 13:45:27,2024-03-28 17:46:20,,,,4:0:53,240
Work,2024-03-29 05:00:43,2024-03-29 09:00:32,,,,3:59:49,239
Rebeca casa,2024-03-29 09:00:36,2024-03-29 16:30:48,,,,7:30:12,450
Work,2024-03-29 14:00:17,2024-03-29 16:32:20,,,,2:32:3,152
Work,2024-04-02 06:00:05,2024-04-02 08:13:39,,,,2:13:34,133
Izan ,2024-04-02 08:13:45,2024-04-02 09:13:05,,,,0:59:20,59
Rebeca casa,2024-04-02 08:13:50,2024-04-02 09:13:04,,,,0:59:14,59
Work,2024-04-02 09:13:08,2024-04-02 10:00:21,,,,0:47:13,47
Rebeca casa,2024-04-02 09:13:11,2024-04-02 13:03:20,,,,3:50:9,230
Izan ,2024-04-02 10:00:49,2024-04-02 12:45:52,,,,2:45:3,165
Work,2024-04-02 12:45:55,2024-04-02 17:58:58,,,,5:13:3,313
Work,2024-04-03 06:00:18,2024-04-03 09:14:24,,,,3:14:6,194
Izan ,2024-04-03 09:14:28,2024-04-03 14:00:11,,,,4:45:43,285
Work,2024-04-03 14:00:26,2024-04-03 18:03:29,,,,4:3:3,243
Work,2024-04-04 06:05:28,2024-04-04 11:38:57,,,,5:33:29,333
espalda pilates,2024-04-04 11:39:06,2024-04-04 14:40:51,,,,3:1:45,181
Work,2024-04-04 14:00:53,2024-04-04 18:00:33,,,,3:59:40,239
Work,2024-04-05 04:30:36,2024-04-05 12:41:41,,,,8:11:5,491
Rebeca casa,2024-04-05 06:30:40,2024-04-05 12:41:42,,,,6:11:2,371
espalda pilates,2024-04-05 12:41:44,2024-04-05 13:30:10,,,,0:48:26,48
Rebeca casa,2024-04-05 12:41:48,2024-04-05 13:30:10,,,,0:48:22,48
Work,2024-04-05 13:30:57,2024-04-05 18:53:40,,,,5:22:43,322
Rebeca casa,2024-04-05 13:30:59,2024-04-05 18:53:40,,,,5:22:41,322
Work,2024-04-06 05:15:44,2024-04-06 05:56:51,,,,0:41:7,41
Work,2024-04-06 07:09:19,2024-04-06 08:59:20,,,,1:50:1,110
Work,2024-04-07 15:03:58,2024-04-07 15:29:37,,,,0:25:39,25
Rebeca casa,2024-04-07 15:04:00,2024-04-07 15:29:36,,,,0:25:36,25
Work,2024-04-09 07:42:08,2024-04-09 08:00:08,,,,0:18:0,18
Work,2024-04-09 09:10:19,2024-04-09 11:30:59,,,,2:20:40,140
Work,2024-04-09 14:30:39,2024-04-09 18:16:12,,,,3:45:33,225
Work,2024-04-10 06:00:19,2024-04-10 08:00:34,,,,2:0:15,120
Work,2024-04-10 08:59:45,2024-04-10 10:45:12,,,,1:45:27,105
Work,2024-04-10 13:50:18,2024-04-10 17:50:52,,,,4:0:34,240
Work,2024-04-16 10:30:27,2024-04-16 11:45:31,,,,1:15:4,75
Izan ,2024-04-16 11:45:35,2024-04-16 13:00:39,,,,1:15:4,75
Work,2024-04-16 13:00:53,2024-04-16 18:20:12,,,,5:19:19,319
Rebeca casa,2024-04-16 17:30:12,2024-04-16 18:56:44,,,,1:26:32,86
Work,2024-04-17 07:18:09,2024-04-17 08:12:00,,,,0:53:51,53
Work,2024-04-17 09:52:26,2024-04-17 10:33:30,,,,0:41:4,41
Work,2024-04-17 10:33:34,2024-04-17 11:41:31,,,,1:7:57,67
Izan ,2024-04-17 11:41:34,2024-04-17 12:51:49,,,,1:10:15,70
Work,2024-04-17 13:10:42,2024-04-17 17:42:44,,,,4:32:2,272
Work,2024-04-18 12:39:52,2024-04-18 13:54:49,,,,1:14:57,74
Work,2024-04-18 15:25:30,2024-04-18 21:16:25,,,,5:50:55,350
Work,2024-04-19 07:17:31,2024-04-19 13:33:09,,,,6:15:38,375
Work,2024-04-19 14:30:12,2024-04-19 15:57:54,,,,1:27:42,87
Work,2024-04-22 06:20:05,2024-04-22 07:26:37,,,,1:6:32,66
Work,2024-04-22 09:11:43,2024-04-22 12:48:42,,,,3:36:59,216
Work,2024-04-22 15:00:07,2024-04-22 18:14:37,,,,3:14:30,194
Work,2024-04-23 07:00:47,2024-04-23 07:42:21,,,,0:41:34,41
Work,2024-04-23 10:04:38,2024-04-23 12:19:07,,,,2:14:29,134
Work,2024-04-23 14:43:44,2024-04-23 16:55:43,,,,2:11:59,131
Rebeca casa,2024-04-24 07:52:34,2024-04-24 09:00:35,,,,1:8:1,68
Work,2024-04-24 07:52:35,2024-04-24 10:30:34,,,,2:37:59,157
Work,2024-04-24 14:20:25,2024-04-24 18:17:27,,,,3:57:2,237
Work,2024-04-25 06:06:32,2024-04-25 09:17:32,,,,3:11:0,191
Work,2024-04-25 09:18:24,2024-04-25 11:30:16,,,,2:11:52,131
espalda pilates,2024-04-25 11:30:21,2024-04-25 13:00:21,,,,1:30:0,90
Work,2024-04-25 13:00:23,2024-04-25 17:32:47,,,,4:32:24,272
Work,2024-04-29 09:00:41,2024-04-29 11:33:28,,,,2:32:47,152
espalda pilates,2024-04-29 11:33:32,2024-04-29 13:00:31,,,,1:26:59,86
Work,2024-04-29 13:00:33,2024-04-29 17:43:44,,,,4:43:11,283
Work,2024-04-30 05:59:21,2024-04-30 09:40:44,,,,3:41:23,221
Work,2024-04-30 10:59:33,2024-04-30 13:00:48,,,,2:1:15,121
Work,2024-04-30 15:12:25,2024-04-30 18:18:44,,,,3:6:19,186
Work,2024-05-02 05:38:31,2024-05-02 11:30:47,,,,5:52:16,352
Work,2024-05-02 14:00:46,2024-05-02 16:45:28,,,,2:44:42,164
Work,2024-05-02 16:45:01,2024-05-02 16:49:15,,,,0:4:14,4
Rebeca casa,2024-05-02 16:45:05,2024-05-02 16:49:14,,,,0:4:9,4
Work,2024-05-07 07:21:01,2024-05-07 10:28:33,,,,3:7:32,187
Work,2024-05-07 10:28:33,2024-05-07 11:50:51,,,,1:22:18,82
Work,2024-05-07 14:25:59,2024-05-07 16:27:01,,,,2:1:2,121
Work,2024-05-08 06:16:09,2024-05-08 06:34:31,,,,0:18:22,18
Work,2024-05-08 09:42:27,2024-05-08 12:00:18,,,,2:17:51,137
Work,2024-05-08 14:15:19,2024-05-08 16:30:48,,,,2:15:29,135
Izan ,2024-05-08 16:30:58,2024-05-08 17:39:27,,,,1:8:29,68
Work,2024-05-08 17:39:32,2024-05-08 20:00:55,,,,2:21:23,141
Work,2024-05-13 08:30:47,2024-05-13 11:38:33,,,,3:7:46,187
Work,2024-05-13 14:30:32,2024-05-13 16:30:32,,,,2:0:0,120
Work,2024-05-14 06:37:11,2024-05-14 08:00:06,,,,1:22:55,82
Work,2024-05-14 09:14:54,2024-05-14 11:39:03,,,,2:24:9,144
Work,2024-05-14 14:30:03,2024-05-14 16:30:33,,,,2:0:30,120
Work,2024-05-15 05:30:28,2024-05-15 07:10:42,,,,1:40:14,100
Rebeca casa,2024-05-15 07:10:16,2024-05-15 07:45:19,,,,0:35:3,35
Izan ,2024-05-15 07:45:24,2024-05-15 09:00:59,,,,1:15:35,75
Rebeca casa,2024-05-15 07:45:28,2024-05-15 09:00:58,,,,1:15:30,75
Work,2024-05-15 09:00:01,2024-05-15 12:01:29,,,,3:1:28,181
espalda pilates,2024-05-15 12:01:42,2024-05-15 14:17:27,,,,2:15:45,135
Work,2024-05-15 14:17:59,2024-05-15 16:45:59,,,,2:28:0,148
Work,2024-05-16 07:07:40,2024-05-16 07:39:17,,,,0:31:37,31
Izan ,2024-05-16 07:39:21,2024-05-16 08:53:45,,,,1:14:24,74
Work,2024-05-16 08:53:47,2024-05-16 11:45:28,,,,2:51:41,171
Rebeca casa,2024-05-16 08:53:54,2024-05-16 09:00:28,,,,0:6:34,6
espalda pilates,2024-05-16 11:45:37,2024-05-16 16:25:14,,,,4:39:37,279
Work,2024-05-16 16:25:15,2024-05-16 16:50:51,,,,0:25:36,25
Izan ,2024-05-16 16:50:00,2024-05-16 18:00:15,,,,1:10:15,70
Rebeca casa,2024-05-16 17:30:19,2024-05-16 18:57:44,,,,1:27:25,87
Work,2024-05-16 18:00:17,2024-05-16 18:57:43,,,,0:57:26,57
Work,2024-05-17 04:19:55,2024-05-17 11:40:55,,,,7:21:0,441
Rebeca casa,2024-05-17 11:40:55,2024-05-17 14:02:58,,,,2:22:3,142
espalda pilates,2024-05-17 11:40:58,2024-05-17 14:03:33,,,,2:22:35,142
Work,2024-05-17 14:02:04,2024-05-17 14:39:23,,,,0:37:19,37
Work,2024-05-17 15:11:47,2024-05-17 17:50:47,,,,2:39:0,159
Work,2024-05-20 05:30:20,2024-05-20 07:57:56,,,,2:27:36,147
Izan ,2024-05-20 07:58:01,2024-05-20 08:46:49,,,,0:48:48,48
Work,2024-05-20 08:46:52,2024-05-20 11:29:32,,,,2:42:40,162
Work,2024-05-20 16:00:49,2024-05-20 17:09:28,,,,1:8:39,68
Izan ,2024-05-20 17:09:31,2024-05-21 18:00:43,,,,24:51:12,1491
Work,2024-05-21 06:25:12,2024-05-21 07:13:15,,,,0:48:3,48
Work,2024-05-21 09:45:12,2024-05-21 11:53:38,,,,2:8:26,128
espalda pilates,2024-05-21 11:53:55,2024-05-21 14:07:47,,,,2:13:52,133
Work,2024-05-21 14:07:48,2024-05-21 16:50:23,,,,2:42:35,162
Izan ,2024-05-21 16:50:33,2024-05-21 19:11:25,,,,2:20:52,140
Work,2024-05-21 18:00:30,2024-05-21 20:00:44,,,,2:0:14,120
Work,2024-05-22 06:07:34,2024-05-22 07:13:37,,,,1:6:3,66
Izan ,2024-05-22 07:13:49,2024-05-22 09:30:15,,,,2:16:26,136
Rebeca casa,2024-05-22 07:13:55,2024-05-22 09:00:15,,,,1:46:20,106
Work,2024-05-22 09:30:22,2024-05-22 12:14:07,,,,2:43:45,163
espalda pilates,2024-05-22 12:14:21,2024-05-22 15:01:04,,,,2:46:43,166
Work,2024-05-22 15:01:07,2024-05-22 15:34:55,,,,0:33:48,33
Work,2024-05-22 16:08:24,2024-05-22 16:57:15,,,,0:48:51,48
Izan ,2024-05-22 16:57:23,2024-05-22 17:58:51,,,,1:1:28,61
Rebeca casa,2024-05-22 17:58:57,2024-05-22 19:03:47,,,,1:4:50,64
Work,2024-05-22 17:59:03,2024-05-22 19:03:48,,,,1:4:45,64
Work,2024-05-23 05:48:24,2024-05-23 12:32:44,,,,6:44:20,404
Rebeca casa,2024-05-23 05:48:25,2024-05-23 12:32:43,,,,6:44:18,404
Work,2024-05-23 14:30:30,2024-05-23 19:30:17,,,,4:59:47,299
Rebeca casa,2024-05-23 14:30:30,2024-05-23 19:30:18,,,,4:59:48,299
Work,2024-05-24 02:07:57,2024-05-24 03:19:33,,,,1:11:36,71
Work,2024-05-24 05:11:04,2024-05-24 07:45:41,,,,2:34:37,154
Izan ,2024-05-24 07:45:54,2024-05-24 08:31:12,,,,0:45:18,45
Work,2024-05-24 08:31:14,2024-05-24 09:21:58,,,,0:50:44,50
Rebeca casa,2024-05-24 08:31:18,2024-05-24 09:21:57,,,,0:50:39,50
Work,2024-05-24 09:22:00,2024-05-24 14:57:30,,,,5:35:30,335
Work,2024-05-24 14:57:33,2024-05-24 16:03:51,,,,1:6:18,66
Work,2024-05-25 15:21:57,2024-05-25 16:30:32,,,,1:8:35,68
Work,2024-05-27 06:00:31,2024-05-27 07:34:52,,,,1:34:21,94
Work,2024-05-27 07:45:08,2024-05-27 11:50:48,,,,4:5:40,245
Work,2024-05-27 14:08:36,2024-05-27 16:48:34,,,,2:39:58,159
Work,2024-05-28 04:03:08,2024-05-28 04:29:34,,,,0:26:26,26
Work,2024-05-28 05:27:38,2024-05-28 07:30:47,,,,2:3:9,123
Work,2024-05-28 08:37:50,2024-05-28 11:48:14,,,,3:10:24,190
Work,2024-05-28 14:28:26,2024-05-28 16:45:18,,,,2:16:52,136
Work,2024-05-29 05:20:34,2024-05-29 12:20:06,,,,6:59:32,419
Work,2024-05-29 15:58:22,2024-05-29 16:45:40,,,,0:47:18,47
Work,2024-05-30 05:28:27,2024-05-30 07:15:44,,,,1:47:17,107
Work,2024-05-30 07:54:56,2024-05-30 09:40:55,,,,1:45:59,105
Work,2024-05-30 10:22:40,2024-05-30 12:10:32,,,,1:47:52,107
Work,2024-05-30 14:21:59,2024-05-30 15:57:34,,,,1:35:35,95
Work,2024-05-31 04:07:48,2024-05-31 07:05:07,,,,2:57:19,177
Work,2024-05-31 08:30:53,2024-05-31 12:14:50,,,,3:43:57,223
Work,2024-06-04 06:30:58,2024-06-04 07:45:41,,,,1:14:43,74
Work,2024-06-04 08:10:12,2024-06-04 11:40:31,,,,3:30:19,210
Work,2024-06-04 13:51:36,2024-06-04 16:40:30,,,,2:48:54,168
Work,2024-06-04 17:17:45,2024-06-04 18:25:16,,,,1:7:31,67
Work,2024-06-05 07:12:57,2024-06-05 07:40:41,,,,0:27:44,27
Work,2024-06-05 08:55:14,2024-06-05 11:40:16,,,,2:45:2,165
Work,2024-06-05 13:56:37,2024-06-05 18:15:50,,,,4:19:13,259
Work,2024-06-06 07:00:49,2024-06-06 08:11:17,,,,1:10:28,70
Work,2024-06-06 09:18:13,2024-06-06 10:58:25,,,,1:40:12,100
Work,2024-06-06 11:06:15,2024-06-06 11:30:16,,,,0:24:1,24
Work,2024-06-06 14:19:56,2024-06-06 16:58:07,,,,2:38:11,158
Work,2024-06-10 06:05:19,2024-06-10 07:45:51,,,,1:40:32,100
Work,2024-06-10 08:25:01,2024-06-10 12:04:55,,,,3:39:54,219
Work,2024-06-10 16:00:45,2024-06-10 16:58:42,,,,0:57:57,57
Work,2024-06-10 18:00:22,2024-06-10 18:30:01,,,,0:29:39,29
Work,2024-06-11 06:09:24,2024-06-11 07:45:13,,,,1:35:49,95
Work,2024-06-11 08:44:21,2024-06-11 12:30:22,,,,3:46:1,226
Work,2024-06-11 14:30:58,2024-06-11 16:20:02,,,,1:49:4,109
Work,2024-06-11 17:30:02,2024-06-11 18:40:53,,,,1:10:51,70
Work,2024-06-12 07:06:54,2024-06-12 07:37:48,,,,0:30:54,30
Work,2024-06-12 08:45:43,2024-06-12 11:00:44,,,,2:15:1,135
Work,2024-06-12 12:00:23,2024-06-12 12:30:07,,,,0:29:44,29
Work,2024-06-12 14:35:27,2024-06-12 16:30:54,,,,1:55:27,115
Work,2024-06-12 17:59:15,2024-06-12 18:55:51,,,,0:56:36,56
Work,2024-06-13 04:27:12,2024-06-13 06:30:12,,,,2:3:0,123
Work,2024-06-13 08:25:22,2024-06-13 08:32:31,,,,0:7:9,7
Work,2024-06-13 08:41:11,2024-06-13 10:55:15,,,,2:14:4,134
Work,2024-06-13 14:03:57,2024-06-13 18:32:34,,,,4:28:37,268
Work,2024-06-14 02:50:34,2024-06-14 03:05:23,,,,0:14:49,14
Work,2024-06-14 06:56:52,2024-06-14 08:45:20,,,,1:48:28,108
Work,2024-06-14 09:20:01,2024-06-14 12:30:26,,,,3:10:25,190
Work,2024-06-14 14:35:59,2024-06-14 16:30:53,,,,1:54:54,114
Work,2024-06-17 09:00:19,2024-06-17 11:30:54,,,,2:30:35,150
Work,2024-06-17 14:00:02,2024-06-17 16:30:05,,,,2:30:3,150
Work,2024-06-18 09:00:54,2024-06-18 16:00:59,,,,7:0:5,420
Work,2024-06-19 06:26:53,2024-06-19 07:44:51,,,,1:17:58,77
Work,2024-06-19 09:00:21,2024-06-19 11:56:22,,,,2:56:1,176
Work,2024-06-19 15:00:21,2024-06-19 16:54:39,,,,1:54:18,114
Work,2024-06-19 18:07:36,2024-06-19 18:23:57,,,,0:16:21,16
Work,2024-06-20 03:50:01,2024-06-20 05:27:43,,,,1:37:42,97
Work,2024-06-20 10:33:22,2024-06-20 11:56:24,,,,1:23:2,83
Work,2024-06-20 13:42:08,2024-06-20 16:30:21,,,,2:48:13,168
Work,2024-06-21 04:13:51,2024-06-21 06:00:50,,,,1:46:59,106
Work,2024-06-21 09:30:50,2024-06-21 11:30:35,,,,1:59:45,119
Work,2024-06-21 13:45:59,2024-06-21 16:30:04,,,,2:44:5,164
Work,2024-06-21 18:01:28,2024-06-21 18:27:59,,,,0:26:31,26
Work,2024-06-21 19:12:38,2024-06-21 19:56:23,,,,0:43:45,43
Work,2024-06-22 04:16:05,2024-06-22 05:32:57,,,,1:16:52,76
Work,2024-06-22 06:26:01,2024-06-22 06:59:06,,,,0:33:5,33
Work,2024-06-23 05:08:26,2024-06-23 06:15:33,,,,1:7:7,67
Work,2024-06-25 07:15:29,2024-06-25 12:49:10,,,,5:33:41,333
Work,2024-06-25 14:10:30,2024-06-25 14:45:15,,,,0:34:45,34
Work,2024-06-25 15:39:22,2024-06-25 18:23:36,,,,2:44:14,164
Work,2024-06-26 07:20:35,2024-06-26 11:37:06,,,,4:16:31,256
Work,2024-06-26 14:46:34,2024-06-26 16:04:53,,,,1:18:19,78
Work,2024-06-26 16:37:01,2024-06-26 18:09:47,,,,1:32:46,92
Work,2024-06-27 05:14:31,2024-06-27 11:43:26,,,,6:28:55,388
Work,2024-06-27 12:30:26,2024-06-27 13:00:44,,,,0:30:18,30
Work,2024-06-27 14:45:06,2024-06-27 17:30:27,,,,2:45:21,165
Work,2024-06-28 04:56:59,2024-06-28 06:05:20,,,,1:8:21,68
Work,2024-06-28 07:48:36,2024-06-28 11:28:21,,,,3:39:45,219
Work,2024-06-28 12:24:03,2024-06-28 14:35:59,,,,2:11:56,131
Work,2024-06-28 15:45:00,2024-06-28 17:43:00,,,,1:58:0,118
Work,2024-06-29 06:34:22,2024-06-29 08:22:07,,,,1:47:45,107
Work,2024-07-01 06:10:06,2024-07-01 13:18:13,,,,7:8:7,428
Work,2024-07-01 13:44:21,2024-07-01 14:32:04,,,,0:47:43,47
Work,2024-07-01 15:36:01,2024-07-01 16:53:53,,,,1:17:52,77
Work,2024-07-02 07:40:01,2024-07-02 13:48:30,,,,6:8:29,368
Work,2024-07-02 15:03:45,2024-07-02 18:00:33,,,,2:56:48,176
Work,2024-07-03 06:18:27,2024-07-03 07:07:14,,,,0:48:47,48
Work,2024-07-03 07:16:49,2024-07-03 11:14:14,,,,3:57:25,237
Work,2024-07-03 12:38:33,2024-07-03 13:01:17,,,,0:22:44,22
Work,2024-07-03 15:06:41,2024-07-03 19:06:18,,,,3:59:37,239
Work,2024-07-05 06:15:31,2024-07-05 13:14:41,,,,6:59:10,419
Work,2024-07-05 15:25:21,2024-07-05 15:57:40,,,,0:32:19,32
Work,2024-07-05 17:00:21,2024-07-05 18:30:35,,,,1:30:14,90
Work,2024-07-08 06:53:14,2024-07-08 13:03:26,,,,6:10:12,370
Work,2024-07-08 14:00:08,2024-07-08 18:12:58,,,,4:12:50,252
Work,2024-07-09 06:42:56,2024-07-09 13:26:00,,,,6:43:4,403
Work,2024-07-09 14:20:42,2024-07-09 18:30:23,,,,4:9:41,249
Work,2024-07-10 06:20:44,2024-07-10 12:33:35,,,,6:12:51,372
Work,2024-07-10 13:00:44,2024-07-10 15:30:29,,,,2:29:45,149
Work,2024-07-10 16:10:14,2024-07-10 18:02:16,,,,1:52:2,112
Work,2024-07-10 18:00:47,2024-07-10 19:00:47,,,,1:0:0,60
Work,2024-07-11 04:30:55,2024-07-11 06:17:05,,,,1:46:10,106
Work,2024-07-11 07:59:55,2024-07-11 11:43:55,,,,3:44:0,224
Work,2024-07-11 14:05:22,2024-07-11 20:43:58,,,,6:38:36,398
Work,2024-07-12 06:38:18,2024-07-12 12:30:05,,,,5:51:47,351
Work,2024-07-12 14:41:31,2024-07-12 17:46:48,,,,3:5:17,185
Work,2024-07-22 06:39:13,2024-07-22 07:40:38,,,,1:1:25,61
Work,2024-07-22 08:15:59,2024-07-22 14:15:32,,,,5:59:33,359
Work,2024-07-22 15:44:11,2024-07-22 19:19:19,,,,3:35:8,215
Work,2024-07-23 09:10:56,2024-07-23 11:53:25,,,,2:42:29,162
Work,2024-07-23 15:16:57,2024-07-23 16:29:26,,,,1:12:29,72
Work,2024-07-23 16:38:35,2024-07-23 17:30:22,,,,0:51:47,51
Work,2024-07-24 07:17:00,2024-07-24 07:45:16,,,,0:28:16,28
Work,2024-07-24 08:18:32,2024-07-24 11:43:50,,,,3:25:18,205
Work,2024-07-24 15:13:07,2024-07-24 17:39:07,,,,2:26:0,146
Work,2024-07-25 08:02:03,2024-07-25 11:38:38,,,,3:36:35,216
Work,2024-07-25 13:50:53,2024-07-25 18:30:03,,,,4:39:10,279
Work,2024-07-26 06:50:12,2024-07-26 07:30:29,,,,0:40:17,40
Work,2024-07-26 08:16:44,2024-07-26 11:40:49,,,,3:24:5,204
Work,2024-07-26 14:51:53,2024-07-26 17:30:29,,,,2:38:36,158
Work,2024-07-29 09:51:25,2024-07-29 11:50:00,,,,1:58:35,118
Work,2024-07-29 12:16:15,2024-07-29 12:30:07,,,,0:13:52,13
Work,2024-07-29 14:45:46,2024-07-29 18:42:14,,,,3:56:28,236
Work,2024-07-30 06:04:18,2024-07-30 07:45:23,,,,1:41:5,101
Work,2024-07-30 09:22:36,2024-07-30 11:24:08,,,,2:1:32,121
Work,2024-07-30 12:51:03,2024-07-30 13:14:47,,,,0:23:44,23
Work,2024-07-30 14:37:21,2024-07-30 15:32:08,,,,0:54:47,54
Work,2024-07-30 17:41:48,2024-07-30 20:02:26,,,,2:20:38,140
Work,2024-07-31 09:27:58,2024-07-31 11:52:46,,,,2:24:48,144
Work,2024-07-31 15:35:26,2024-07-31 18:55:40,,,,3:20:14,200
espalda pilates,2024-08-01 05:15:45,2024-08-01 06:19:43,,,,1:3:58,63
Work,2024-08-01 06:18:37,2024-08-01 08:15:40,,,,1:57:3,117
Izan ,2024-08-01 08:15:40,2024-08-01 09:01:54,,,,0:46:14,46
Work,2024-08-01 09:02:13,2024-08-01 11:05:27,,,,2:3:14,123
Work,2024-08-01 13:30:07,2024-08-01 18:30:30,,,,5:0:23,300
Work,2024-08-01 20:00:30,2024-08-01 21:00:54,,,,1:0:24,60
Work,2024-08-02 07:27:00,2024-08-02 07:44:44,,,,0:17:44,17
Work,2024-08-02 08:27:51,2024-08-02 11:16:10,,,,2:48:19,168
Work,2024-08-02 13:15:57,2024-08-02 17:00:01,,,,3:44:4,224
Work,2024-08-06 09:05:35,2024-08-06 12:26:34,,,,3:20:59,200
Work,2024-08-06 14:00:48,2024-08-06 17:00:40,,,,2:59:52,179
Work,2024-08-07 08:24:11,2024-08-07 11:45:41,,,,3:21:30,201
Work,2024-08-07 12:35:38,2024-08-07 17:15:28,,,,4:39:50,279
Work,2024-08-08 06:10:07,2024-08-08 11:15:01,,,,5:4:54,304
Work,2024-08-08 12:15:39,2024-08-08 15:25:29,,,,3:9:50,189
Work,2024-08-08 16:45:52,2024-08-08 17:42:44,,,,0:56:52,56
Work,2024-08-09 08:46:13,2024-08-09 12:31:48,,,,3:45:35,225
Work,2024-08-09 12:57:37,2024-08-09 13:44:30,,,,0:46:53,46
Work,2024-08-09 16:39:58,2024-08-09 17:30:18,,,,0:50:20,50
Work,2024-08-10 08:30:20,2024-08-10 08:56:05,,,,0:25:45,25
Work,2024-08-19 04:15:07,2024-08-19 04:55:11,,,,0:40:4,40
Work,2024-08-19 05:50:41,2024-08-19 07:50:41,,,,2:0:0,120
Work,2024-08-19 07:51:26,2024-08-19 08:30:26,,,,0:39:0,39
Work,2024-08-19 08:30:12,2024-08-19 14:00:15,,,,5:30:3,330
Work,2024-08-19 16:30:18,2024-08-19 18:50:19,,,,2:20:1,140
Work,2024-08-20 07:54:51,2024-08-20 11:30:00,,,,3:35:9,215
Work,2024-08-20 12:16:13,2024-08-20 12:24:36,,,,0:8:23,8
Work,2024-08-20 15:32:28,2024-08-20 17:50:38,,,,2:18:10,138
Work,2024-08-21 08:20:02,2024-08-21 13:15:06,,,,4:55:4,295
Work,2024-08-21 15:37:55,2024-08-21 16:17:03,,,,0:39:8,39
Work,2024-08-24 05:30:33,2024-08-24 07:30:33,,,,2:0:0,120
Work,2024-08-24 06:14:05,2024-08-24 08:15:40,,,,2:1:35,121
Work,2024-08-24 09:00:52,2024-08-24 10:34:42,,,,1:33:50,93
Work,2024-08-24 09:05:56,2024-08-24 10:04:21,,,,0:58:25,58
Work,2024-08-24 10:29:05,2024-08-24 11:41:08,,,,1:12:3,72
Work,2024-08-24 12:30:55,2024-08-24 19:00:56,,,,6:30:1,390
Work,2024-08-24 13:45:03,2024-08-24 16:17:03,,,,2:32:0,152
Work,2024-08-24 19:05:58,2024-08-24 19:57:49,,,,0:51:51,51
Work,2024-08-25 05:00:21,2024-08-25 07:44:09,,,,2:43:48,163
Work,2024-08-25 11:30:26,2024-08-25 12:00:23,,,,0:29:57,29
Work,2024-08-25 12:45:54,2024-08-25 15:15:54,,,,2:30:0,150
Work,2024-08-25 13:00:54,2024-08-25 15:30:10,,,,2:29:16,149
Work,2024-08-26 06:23:25,2024-08-26 07:47:18,,,,1:23:53,83
Work,2024-08-26 09:04:33,2024-08-26 11:25:54,,,,2:21:21,141
Work,2024-08-26 13:37:53,2024-08-26 13:55:52,,,,0:17:59,17
Work,2024-08-27 07:00:21,2024-08-27 08:00:46,,,,1:0:25,60
Work,2024-08-27 09:35:55,2024-08-27 16:45:21,,,,7:9:26,429
Work,2024-08-28 06:00:56,2024-08-28 07:12:58,,,,1:12:2,72
Work,2024-08-28 08:27:45,2024-08-28 10:09:31,,,,1:41:46,101
Work,2024-08-28 10:50:31,2024-08-28 12:45:32,,,,1:55:1,115
Work,2024-08-29 07:50:49,2024-08-29 12:00:59,,,,4:10:10,250
Work,2024-08-29 16:00:01,2024-08-29 18:47:29,,,,2:47:28,167
Work,2024-08-30 06:15:25,2024-08-30 13:00:55,,,,6:45:30,405
Work,2024-08-30 13:46:20,2024-08-30 13:52:55,,,,0:6:35,6
Work,2024-08-30 14:20:14,2024-08-30 17:45:25,,,,3:25:11,205
Work,2024-09-01 03:45:25,2024-09-01 05:45:25,,,,2:0:0,120
Work,2024-09-01 05:48:19,2024-09-01 06:47:18,,,,0:58:59,58
Work,2024-09-16 05:32:12,2024-09-16 11:39:51,,,,6:7:39,367
Work,2024-09-16 14:30:35,2024-09-16 15:15:40,,,,0:45:5,45
Work,2024-09-16 16:00:09,2024-09-16 17:00:09,,,,1:0:0,60
Work,2024-09-17 07:30:28,2024-09-17 08:13:38,,,,0:43:10,43
Work,2024-09-17 09:00:50,2024-09-17 09:15:02,,,,0:14:12,14
Work,2024-09-17 09:52:11,2024-09-17 10:20:16,,,,0:28:5,28
Work,2024-09-17 15:12:49,2024-09-17 16:33:22,,,,1:20:33,80
Work,2024-09-18 06:18:28,2024-09-18 06:27:51,,,,0:9:23,9
Work,2024-09-18 06:50:05,2024-09-18 09:59:38,,,,3:9:33,189
Work,2024-09-18 12:34:50,2024-09-18 16:15:44,,,,3:40:54,220
Work,2024-09-18 16:55:58,2024-09-18 17:46:57,,,,0:50:59,50
coding,2024-09-19 05:00:57,2024-09-19 06:00:57,,,,1:0:0,60
Work,2024-09-19 06:00:58,2024-09-19 11:16:23,,,,5:15:25,315
espalda pilates,2024-09-19 11:24:43,2024-09-19 12:45:46,,,,1:21:3,81
Work,2024-09-19 18:22:21,2024-09-19 19:00:01,,,,0:37:40,37
Work,2024-09-19 19:05:05,2024-09-19 19:20:20,,,,0:15:15,15
coding,2024-09-20 04:30:43,2024-09-20 06:10:56,,,,1:40:13,100
Work,2024-09-20 06:10:58,2024-09-20 09:20:55,,,,3:9:57,189
Sleep,2024-09-20 08:41:13,2024-09-20 09:05:54,,,,0:24:41,24
espalda pilates,2024-09-20 09:28:14,2024-09-20 10:28:57,,,,1:0:43,60
Work,2024-09-20 10:28:58,2024-09-20 10:58:25,,,,0:29:27,29
pee,2024-09-20 10:39:05,2024-09-20 10:39:07,,,,0:0:2,0
coffee,2024-09-20 10:50:54,2024-09-20 10:50:55,,,,0:0:1,0
comer ,2024-09-20 10:59:00,2024-09-20 11:01:29,,comer ,,0:2:29,2
espalda pilates,2024-09-20 11:04:55,2024-09-20 11:53:47,,,,0:48:52,48
pee,2024-09-20 11:53:50,2024-09-20 11:53:51,,,,0:0:1,0
comer ,2024-09-20 12:30:54,2024-09-20 15:51:12,,comer ,,3:20:18,200
pee,2024-09-20 13:23:14,2024-09-20 13:23:15,,,,0:0:1,0
Work,2024-09-20 15:59:59,2024-09-20 17:25:01,,,,1:25:2,85
Work,2024-09-20 18:22:40,2024-09-20 19:22:48,,,,1:0:8,60
pee,2024-09-20 18:30:45,2024-09-20 18:30:48,,,,0:0:3,0
ducha,2024-09-20 19:00:18,2024-09-20 19:30:18,,,,0:30:0,30
pee,2024-09-20 20:00:44,2024-09-20 20:00:46,,,,0:0:2,0
pee,2024-09-20 20:46:48,2024-09-20 20:46:49,,,,0:0:1,0
pee,2024-09-21 00:00:22,2024-09-21 00:00:22,,,,0:0:0,0
pee,2024-09-21 02:02:19,2024-09-21 02:02:20,,,,0:0:1,0
pee,2024-09-21 04:02:15,2024-09-21 04:02:17,,,,0:0:2,0
water ,2024-09-21 06:09:06,2024-09-21 06:09:07,100,water,,0:0:1,0
coffee,2024-09-21 06:17:17,2024-09-21 06:17:19,8 240,,,0:0:2,0
piernas pilates ,2024-09-21 06:30:57,2024-09-21 07:14:00,,,,0:43:3,43
water ,2024-09-21 06:51:20,2024-09-21 06:51:21,50,water,,0:0:1,0
water ,2024-09-21 07:15:17,2024-09-21 07:15:20,50,water,,0:0:3,0
piernas pilates ,2024-09-21 07:26:38,2024-09-21 08:02:54,,,,0:36:16,36
coffee,2024-09-21 07:38:08,2024-09-21 07:38:10,8 240,,,0:0:2,0
water ,2024-09-21 07:40:17,2024-09-21 07:40:17,50,water,,0:0:0,0
pee,2024-09-21 08:03:04,2024-09-21 08:03:06,,,,0:0:2,0
coffee,2024-09-21 09:00:23,2024-09-21 09:00:23,8 240,,,0:0:0,0
coding,2024-09-21 09:35:24,2024-09-21 10:00:07,,,,0:24:43,24
coffee,2024-09-21 10:57:08,2024-09-21 10:57:09,,,,0:0:1,0
pee,2024-09-21 12:20:34,2024-09-21 12:20:34,,,,0:0:0,0
comer ,2024-09-21 12:45:21,2024-09-21 16:45:36,,comer ,,4:0:15,240
coding,2024-09-21 14:58:02,2024-09-21 17:55:32,,,,2:57:30,177
pee,2024-09-21 17:00:01,2024-09-21 17:00:01,,,,0:0:0,0
pee,2024-09-22 00:00:56,2024-09-22 00:00:56,,,,0:0:0,0
pee,2024-09-22 02:00:58,2024-09-22 02:00:58,,,,0:0:0,0
pee,2024-09-22 03:50:00,2024-09-22 03:50:00,,,,0:0:0,0
coding,2024-09-22 04:00:36,2024-09-22 04:25:38,,,,0:25:2,25
coffee,2024-09-22 04:14:31,2024-09-22 04:14:32,9 240 lavazza grano,,,0:0:1,0
correr,2024-09-22 04:37:03,2024-09-22 06:31:28,60 10,,,1:54:25,114
coffee,2024-09-22 06:00:05,2024-09-22 06:00:05,8 240 lavazza grano,,,0:0:0,0
coding,2024-09-22 06:31:32,2024-09-22 10:30:35,,,,3:59:3,239
coffee,2024-09-22 08:15:47,2024-09-22 08:15:47,,,,0:0:0,0
pee,2024-09-22 08:30:50,2024-09-22 08:30:52,,,,0:0:2,0
water ,2024-09-22 11:15:11,2024-09-22 11:15:11,350,water,,0:0:0,0
pee,2024-09-22 12:42:58,2024-09-22 12:42:59,,,,0:0:1,0
comer ,2024-09-22 12:45:18,2024-09-22 17:00:50,,comer ,,4:15:32,255
coding,2024-09-22 15:18:18,2024-09-22 17:00:49,,,,1:42:31,102
wc,2024-09-22 15:30:53,2024-09-22 15:30:55,diarrhea ,wc,,0:0:2,0
coding,2024-09-22 18:00:50,2024-09-22 19:00:19,,,,0:59:29,59
wc,2024-09-22 19:00:57,2024-09-22 19:00:57,diarrhea ,wc,,0:0:0,0
pee,2024-09-22 20:28:49,2024-09-22 20:28:50,,,,0:0:1,0
pee,2024-09-22 23:00:02,2024-09-22 23:00:03,,,,0:0:1,0
bloated ,2024-09-22 23:00:09,2024-09-22 23:00:09,,bloated,,0:0:0,0
pee,2024-09-23 01:00:05,2024-09-23 01:00:05,,,,0:0:0,0
pee,2024-09-23 03:00:07,2024-09-23 03:00:07,,,,0:0:0,0
pee,2024-09-23 05:00:08,2024-09-23 05:00:08,,,,0:0:0,0
coding,2024-09-23 05:24:50,2024-09-23 05:48:59,,,,0:24:9,24
coffee,2024-09-23 05:30:08,2024-09-23 05:30:08,9 240 lavazza grano,,,0:0:0,0
Work,2024-09-23 05:49:00,2024-09-23 08:40:05,,,,2:51:5,171
coffee,2024-09-23 07:18:01,2024-09-23 07:18:02,10 240 lavazza grano,,,0:0:1,0
pee,2024-09-23 08:27:59,2024-09-23 08:28:00,,,,0:0:1,0
water ,2024-09-23 09:00:39,2024-09-23 09:00:39,,water,,0:0:0,0
coffee,2024-09-23 09:02:24,2024-09-23 09:02:25,8 240 lavazza grano,,,0:0:1,0
espalda pilates,2024-09-23 09:07:07,2024-09-23 10:20:25,,,,1:13:18,73
coffee,2024-09-23 09:49:38,2024-09-23 09:49:39,,,,0:0:1,0
water ,2024-09-23 09:54:33,2024-09-23 09:54:34,,water,,0:0:1,0
Work,2024-09-23 10:29:12,2024-09-23 11:09:59,,,,0:40:47,40
comer ,2024-09-23 10:45:02,2024-09-23 10:49:42,,comer ,,0:4:40,4
espalda pilates,2024-09-23 11:14:38,2024-09-23 11:43:29,,,,0:28:51,28
piernas pilates ,2024-09-23 11:43:33,2024-09-23 12:16:48,,,,0:33:15,33
comer ,2024-09-23 12:16:50,2024-09-23 15:30:24,,comer ,,3:13:34,193
wc,2024-09-23 14:06:19,2024-09-23 14:06:20,,wc,,0:0:1,0
pee,2024-09-23 14:06:21,2024-09-23 14:06:22,,,,0:0:1,0
Work,2024-09-23 14:15:45,2024-09-23 18:04:21,,,,3:48:36,228
pee,2024-09-23 19:00:59,2024-09-23 19:00:59,,,,0:0:0,0
pee,2024-09-23 20:00:02,2024-09-23 20:00:02,,,,0:0:0,0
bloated ,2024-09-23 20:14:52,2024-09-23 20:14:53,half,bloated,,0:0:1,0
pee,2024-09-23 23:32:52,2024-09-23 23:32:52,,,,0:0:0,0
pee,2024-09-24 01:32:54,2024-09-24 01:32:54,,,,0:0:0,0
pee,2024-09-24 04:15:56,2024-09-24 04:15:56,,,,0:0:0,0
coding,2024-09-24 04:33:01,2024-09-24 05:42:32,,,,1:9:31,69
coffee,2024-09-24 04:45:57,2024-09-24 04:45:58,9 240 lavazza grano,,,0:0:1,0
Work,2024-09-24 05:42:33,2024-09-24 07:56:36,,,,2:14:3,134
coffee,2024-09-24 06:19:15,2024-09-24 06:19:16,8 240 lavazza grano,,,0:0:1,0
coffee,2024-09-24 08:09:54,2024-09-24 08:09:55,,,,0:0:1,0
coffee,2024-09-24 08:49:28,2024-09-24 08:49:29,,,,0:0:1,0
pee,2024-09-24 09:26:52,2024-09-24 09:26:53,,,,0:0:1,0
piernas pilates ,2024-09-24 09:32:20,2024-09-24 10:25:58,,,,0:53:38,53
water ,2024-09-24 10:15:49,2024-09-24 10:15:49,,water,,0:0:0,0
Work,2024-09-24 10:15:52,2024-09-24 11:21:27,,,,1:5:35,65
pee,2024-09-24 10:30:51,2024-09-24 10:30:51,,,,0:0:0,0
comer ,2024-09-24 10:45:10,2024-09-24 11:00:29,,comer ,,0:15:19,15
piernas pilates ,2024-09-24 11:25:41,2024-09-24 11:45:17,,,,0:19:36,19
comer ,2024-09-24 12:00:18,2024-09-24 17:53:17,,comer ,,5:52:59,352
Work,2024-09-24 12:10:19,2024-09-24 13:00:11,,,,0:49:52,49
pee,2024-09-24 13:10:15,2024-09-24 13:10:16,,,,0:0:1,0
pee,2024-09-24 14:12:22,2024-09-24 14:12:23,,,,0:0:1,0
Work,2024-09-24 14:15:51,2024-09-24 14:30:01,,,,0:14:10,14
Work,2024-09-24 15:06:16,2024-09-24 16:40:15,,,,1:33:59,93
water ,2024-09-24 17:15:54,2024-09-24 17:15:54,,water,,0:0:0,0
wc,2024-09-24 18:04:00,2024-09-24 18:04:01,funny ,wc,,0:0:1,0
Work,2024-09-24 18:10:41,2024-09-24 19:31:04,,,,1:20:23,80
pee,2024-09-24 20:00:59,2024-09-24 20:00:59,,,,0:0:0,0
Euskara ,2024-09-24 20:25:33,2024-09-24 20:36:48,,,,0:11:15,11
cell phone ,2024-09-24 21:15:38,2024-09-24 21:36:50,,cell phone ,,0:21:12,21
Work,2024-09-25 04:12:03,2024-09-25 10:01:07,,,,5:49:4,349
coffee,2024-09-25 04:31:17,2024-09-25 04:31:18,10 300 lavazza grano,,,0:0:1,0
Sleep,2024-09-25 05:00:40,2024-09-25 05:30:00,,,,0:29:20,29
pee,2024-09-25 10:16:25,2024-09-25 10:16:26,,,,0:0:1,0
Work,2024-09-25 10:16:29,2024-09-25 12:00:43,,,,1:44:14,104
pee,2024-09-25 13:34:39,2024-09-25 13:34:40,,,,0:0:1,0
coding,2024-09-25 13:44:12,2024-09-25 14:05:07,,,,0:20:55,20
Work,2024-09-25 14:05:10,2024-09-25 15:21:49,,,,1:16:39,76
wc,2024-09-25 15:42:12,2024-09-25 15:42:13,,wc,,0:0:1,0
Work,2024-09-25 15:42:16,2024-09-25 16:48:46,,,,1:6:30,66
wc,2024-09-25 17:43:25,2024-09-25 17:43:26,,wc,,0:0:1,0
coding,2024-09-25 18:14:03,2024-09-25 19:00:40,,,,0:46:37,46
cell phone ,2024-09-25 20:45:39,2024-09-25 21:00:39,,cell phone ,,0:15:0,15
read ,2024-09-25 21:00:04,2024-09-25 21:30:04,,read,,0:30:0,30
relaxation ,2024-09-25 21:30:38,2024-09-25 21:40:38,,,,0:10:0,10
pee,2024-09-25 23:00:31,2024-09-25 23:00:31,,,,0:0:0,0
pee,2024-09-26 01:46:33,2024-09-26 01:46:33,,,,0:0:0,0
relaxation ,2024-09-26 02:00:33,2024-09-26 02:30:22,nsdr,,,0:29:49,29
relaxation ,2024-09-26 02:30:22,2024-09-26 02:40:59,count down 100,,,0:10:37,10
pee,2024-09-26 03:46:34,2024-09-26 03:46:35,,,,0:0:1,0
weight ,2024-09-26 03:48:32,2024-09-26 03:48:33,8.3% 60.2kg 52.4kg 69.2%,,,0:0:1,0
cell phone ,2024-09-26 03:54:15,2024-09-26 04:05:30,,cell phone ,,0:11:15,11
relaxation ,2024-09-26 04:05:30,2024-09-26 04:25:03,,,,0:19:33,19
read ,2024-09-26 04:25:33,2024-09-26 04:35:53,,read,,0:10:20,10
Work,2024-09-26 04:56:37,2024-09-26 05:51:16,,,,0:54:39,54
coffee,2024-09-26 05:08:39,2024-09-26 05:08:40,,,,0:0:1,0
coding,2024-09-26 05:51:20,2024-09-26 06:17:07,,,,0:25:47,25
coffee,2024-09-26 06:02:01,2024-09-26 06:02:02,11 300 lavazza grano,,,0:0:1,0
Euskara ,2024-09-26 07:26:51,2024-09-26 07:26:52,,,,0:0:1,0
Work,2024-09-26 07:26:59,2024-09-26 07:45:40,,,,0:18:41,18
coffee,2024-09-26 07:59:40,2024-09-26 07:59:41,12 300 lavazza grano,,,0:0:1,0
Work,2024-09-26 08:09:15,2024-09-26 09:19:35,,,,1:10:20,70
correr,2024-09-26 09:19:39,2024-09-26 10:30:54,,,,1:11:15,71
Work,2024-09-26 10:30:54,2024-09-26 11:15:09,,,,0:44:15,44
comer ,2024-09-26 11:00:20,2024-09-26 12:34:56,,comer ,,1:34:36,94
pee,2024-09-26 11:20:56,2024-09-26 11:20:57,,,,0:0:1,0
coffee,2024-09-26 11:21:00,2024-09-26 11:21:01,,,,0:0:1,0
Work,2024-09-26 11:30:26,2024-09-26 12:04:14,,,,0:33:48,33
water ,2024-09-26 12:04:39,2024-09-26 12:04:40,350,water,,0:0:1,0
comer ,2024-09-26 12:34:57,2024-09-26 16:50:05,,comer ,,4:15:8,255
Work,2024-09-26 12:35:05,2024-09-26 17:09:33,,,,4:34:28,274
wc,2024-09-26 13:00:10,2024-09-26 13:20:11,,wc,,0:20:1,20
wc,2024-09-26 14:20:22,2024-09-26 14:20:23,,wc,,0:0:1,0
water ,2024-09-26 15:20:53,2024-09-26 15:20:54,,water,,0:0:1,0
pee,2024-09-26 15:20:55,2024-09-26 15:20:56,,,,0:0:1,0
pee,2024-09-26 17:30:03,2024-09-26 17:30:04,,,,0:0:1,0
water ,2024-09-26 19:06:08,2024-09-26 19:06:09,,water,,0:0:1,0
pee,2024-09-26 19:06:10,2024-09-26 19:06:11,,,,0:0:1,0
pee,2024-09-26 20:51:48,2024-09-26 20:51:49,,,,0:0:1,0
weight ,2024-09-27 04:01:02,2024-09-27 04:01:03,8.8% 60.4kg 52.2kg 67.6%,,,0:0:1,0
Work,2024-09-27 04:12:55,2024-09-27 08:15:38,,,,4:2:43,242
coffee,2024-09-27 04:15:54,2024-09-27 04:15:54,,,,0:0:0,0
coffee,2024-09-27 06:18:17,2024-09-27 06:18:18,,,,0:0:1,0
relaxation ,2024-09-27 08:10:42,2024-09-27 08:46:01,,,,0:35:19,35
pee,2024-09-27 08:15:20,2024-09-27 08:15:20,,,,0:0:0,0
Work,2024-09-27 09:15:44,2024-09-27 10:22:13,,,,1:6:29,66
coffee,2024-09-27 09:18:54,2024-09-27 09:18:55,,,,0:0:1,0
Work,2024-09-27 10:47:28,2024-09-27 11:17:10,,,,0:29:42,29
espalda pilates,2024-09-27 11:19:56,2024-09-27 12:41:01,,,,1:21:5,81
coffee,2024-09-27 11:21:18,2024-09-27 11:21:19,,,,0:0:1,0
comer ,2024-09-27 11:21:25,2024-09-27 17:15:05,,comer ,,5:53:40,353
wc,2024-09-27 14:03:33,2024-09-27 14:03:34,,wc,,0:0:1,0
Work,2024-09-27 14:48:41,2024-09-27 16:46:38,,,,1:57:57,117
relaxing music,2024-09-27 20:30:44,2024-09-28 05:15:13,,,,8:44:29,524
pee,2024-09-27 23:00:30,2024-09-27 23:00:30,,,,0:0:0,0
pee,2024-09-28 01:00:32,2024-09-28 01:00:32,,,,0:0:0,0
pee,2024-09-28 03:00:45,2024-09-28 03:00:45,,,,0:0:0,0
pee,2024-09-28 05:17:35,2024-09-28 05:17:36,,,,0:0:1,0
coding,2024-09-28 05:54:00,2024-09-28 06:13:18,,,,0:19:18,19
coffee,2024-09-28 05:55:25,2024-09-28 05:55:25,,,,0:0:0,0
weight ,2024-09-28 05:57:39,2024-09-28 05:57:40,8.5% 59.6kg 51.7kg 68.1%,,,0:0:1,0
ducha,2024-09-28 06:15:54,2024-09-28 06:35:18,mild,,,0:19:24,19
piernas pilates ,2024-09-28 07:01:48,2024-09-28 11:04:11,,,,4:2:23,242
coffee,2024-09-28 07:45:34,2024-09-28 07:45:35,,,,0:0:1,0
water ,2024-09-28 09:04:00,2024-09-28 09:04:01,,water,,0:0:1,0
coffee,2024-09-28 10:04:17,2024-09-28 10:04:17,,,,0:0:0,0
pee,2024-09-28 11:04:14,2024-09-28 11:04:15,,,,0:0:1,0
coffee,2024-09-28 11:10:18,2024-09-28 11:10:18,,,,0:0:0,0
comer ,2024-09-28 12:30:16,2024-09-28 16:14:53,,comer ,,3:44:37,224
wc,2024-09-28 15:26:18,2024-09-28 15:26:19,,wc,,0:0:1,0
coding,2024-09-28 16:00:17,2024-09-28 17:32:13,,,,1:31:56,91
relaxing music,2024-09-28 21:09:08,2024-09-29 05:34:04,,,,8:24:56,504
relaxation ,2024-09-29 03:15:06,2024-09-29 04:40:09,,,,1:25:3,85
melatonin ,2024-09-29 04:12:12,2024-09-29 20:00:12,,,,15:48:0,948
read ,2024-09-29 04:40:00,2024-09-29 05:13:50,,read,,0:33:50,33
relaxation ,2024-09-29 05:13:54,2024-09-29 05:34:03,,,,0:20:9,20
weight ,2024-09-29 05:56:01,2024-09-29 05:56:02,8.4% 59.8kg 52kg 68.4%,,,0:0:1,0
coding,2024-09-29 06:00:23,2024-09-29 07:22:56,,,,1:22:33,82
coffee,2024-09-29 06:07:02,2024-09-29 06:07:03,,,,0:0:1,0
coffee,2024-09-29 08:01:15,2024-09-29 08:01:15,,,,0:0:0,0
correr,2024-09-29 08:36:03,2024-09-29 10:06:40,,,,1:30:37,90
coffee,2024-09-29 09:01:16,2024-09-29 09:01:16,175mg on drink,,,0:0:0,0
pee,2024-09-29 10:00:46,2024-09-29 12:01:47,,,,2:1:1,121
ducha,2024-09-29 10:06:43,2024-09-29 10:18:42,,,,0:11:59,11
comer ,2024-09-29 11:00:20,2024-09-29 17:00:36,,comer ,,6:0:16,360
Izan ,2024-09-29 11:00:32,2024-09-29 12:45:59,,,,1:45:27,105
wc,2024-09-29 15:09:46,2024-09-29 15:09:47,funny ,wc,,0:0:1,0
wc,2024-09-29 17:00:06,2024-09-29 17:00:06,,wc,,0:0:0,0
water ,2024-09-29 17:00:48,2024-09-29 17:00:48,350,water,,0:0:0,0
pee,2024-09-29 18:17:08,2024-09-29 18:17:09,,,,0:0:1,0
magnesium night ,2024-09-29 19:00:16,2024-09-29 19:00:16,,,,0:0:0,0
pee,2024-09-29 19:30:30,2024-09-29 19:30:30,,,,0:0:0,0
Work,2024-09-30 01:00:58,2024-09-30 03:20:58,,,,2:20:0,140
relaxation ,2024-09-30 04:18:16,2024-09-30 04:33:02,,,,0:14:46,14
pee,2024-09-30 04:30:37,2024-09-30 04:30:38,,,,0:0:1,0
weight ,2024-09-30 04:46:49,2024-09-30 04:46:50,8.1% 59.6kg 52kg 69.3%,,,0:0:1,0
Work,2024-09-30 04:57:52,2024-09-30 07:03:13,,,,2:5:21,125
coffee,2024-09-30 05:03:02,2024-09-30 05:03:03,,,,0:0:1,0
coffee,2024-09-30 06:27:47,2024-09-30 06:27:48,,,,0:0:1,0
pee,2024-09-30 07:00:50,2024-09-30 07:00:50,,,,0:0:0,0
relaxation ,2024-09-30 07:09:43,2024-09-30 07:38:24,,,,0:28:41,28
coffee,2024-09-30 07:45:34,2024-09-30 07:45:34,,,,0:0:0,0
Work,2024-09-30 08:10:32,2024-09-30 08:59:07,,,,0:48:35,48
pee,2024-09-30 09:06:51,2024-09-30 09:06:52,,,,0:0:1,0
ducha,2024-09-30 09:08:08,2024-09-30 09:25:29,,,,0:17:21,17
coffee,2024-09-30 09:45:12,2024-09-30 09:45:12,,,,0:0:0,0
espalda pilates,2024-09-30 10:03:00,2024-09-30 12:00:02,,,,1:57:2,117
comer ,2024-09-30 11:02:54,2024-09-30 16:19:55,,comer ,,5:17:1,317
pee,2024-09-30 11:25:57,2024-09-30 11:25:58,,,,0:0:1,0
water ,2024-09-30 11:26:07,2024-09-30 11:26:08,,water,,0:0:1,0
pee,2024-09-30 15:00:34,2024-09-30 15:00:34,,,,0:0:0,0
Work,2024-09-30 15:35:30,2024-09-30 16:20:39,,,,0:45:9,45
coding,2024-09-30 16:26:37,2024-09-30 17:00:37,,,,0:34:0,34
pee,2024-09-30 18:00:35,2024-09-30 18:00:36,,,,0:0:1,0
piernas pilates ,2024-09-30 19:00:58,2024-09-30 19:30:03,,,,0:29:5,29
pee,2024-09-30 20:10:38,2024-09-30 20:10:39,,,,0:0:1,0
cell phone ,2024-09-30 21:10:53,2024-09-30 21:21:13,,cell phone ,,0:10:20,10
pee,2024-09-30 21:20:29,2024-09-30 21:20:30,,,,0:0:1,0
relaxing music,2024-09-30 21:21:01,2024-10-01 05:12:28,,,,7:51:27,471
pee,2024-10-01 05:13:45,2024-10-01 05:13:46,,,,0:0:1,0
ducha,2024-10-01 05:19:30,2024-10-01 05:34:35,,,,0:15:5,15
weight ,2024-10-01 05:21:12,2024-10-01 05:21:13,8.5% 60kg 52.2kg 68.5%,,,0:0:1,0
Work,2024-10-01 05:48:49,2024-10-01 09:15:51,,,,3:27:2,207
coffee,2024-10-01 05:56:21,2024-10-01 05:56:22,,,,0:0:1,0
stretch legs,2024-10-01 07:20:48,2024-10-01 07:25:12,,,,0:4:24,4
coffee,2024-10-01 07:30:44,2024-10-01 07:30:45,10 240 lavazza grano,,,0:0:1,0
coffee,2024-10-01 09:00:36,2024-10-01 09:00:36,10 240 lavazza grano,,,0:0:0,0
comer ,2024-10-01 12:00:02,2024-10-01 16:37:31,,comer ,,4:37:29,277
water ,2024-10-01 12:10:16,2024-10-01 12:10:17,,water,,0:0:1,0
coffee,2024-10-01 12:10:24,2024-10-01 12:10:25,,,,0:0:1,0
pee,2024-10-01 12:10:31,2024-10-01 12:10:32,,,,0:0:1,0
piernas pilates ,2024-10-01 12:10:50,2024-10-01 12:55:47,,,,0:44:57,44
pee,2024-10-01 12:55:46,2024-10-01 12:55:47,,,,0:0:1,0
water ,2024-10-01 14:05:12,2024-10-01 14:05:12,,water,,0:0:0,0
Work,2024-10-01 14:38:48,2024-10-01 16:37:25,,,,1:58:37,118
wc,2024-10-01 15:21:16,2024-10-01 15:21:16,,wc,,0:0:0,0
water ,2024-10-01 16:21:12,2024-10-01 16:21:12,,water,,0:0:0,0
coding,2024-10-01 16:40:43,2024-10-01 17:15:35,,,,0:34:52,34
wc,2024-10-01 17:21:14,2024-10-01 17:21:14,,wc,,0:0:0,0
piernas pilates ,2024-10-01 18:05:37,2024-10-01 19:00:04,,,,0:54:27,54
wc,2024-10-01 18:21:39,2024-10-01 18:21:40,,wc,,0:0:1,0
water ,2024-10-01 18:22:03,2024-10-01 18:22:04,,water,,0:0:1,0
wc,2024-10-01 19:42:01,2024-10-01 19:42:02,,wc,,0:0:1,0
pee,2024-10-01 20:11:15,2024-10-01 20:11:16,,,,0:0:1,0
pee,2024-10-01 20:51:20,2024-10-01 20:51:21,,,,0:0:1,0
audiolibro ,2024-10-01 20:55:12,2024-10-01 21:01:54,,,,0:6:42,6
relaxation ,2024-10-02 03:34:43,2024-10-02 04:33:27,,,,0:58:44,58
pee,2024-10-02 04:33:35,2024-10-02 04:33:36,,,,0:0:1,0
pee,2024-10-02 04:33:36,2024-10-02 04:33:37,,,,0:0:1,0
pee,2024-10-02 04:33:36,2024-10-02 04:33:37,,,,0:0:1,0
pee,2024-10-02 04:33:37,2024-10-02 04:33:38,,,,0:0:1,0
ducha,2024-10-02 04:35:32,2024-10-02 04:45:43,,,,0:10:11,10
weight ,2024-10-02 04:37:08,2024-10-02 04:37:09,8.5% 60kg 52.1kg 68.2%,,,0:0:1,0
Work,2024-10-02 05:04:48,2024-10-02 06:52:53,,,,1:48:5,108
coffee,2024-10-02 05:10:28,2024-10-02 05:10:28,10 240 lavazza grano,,,0:0:0,0
coffee,2024-10-02 06:31:33,2024-10-02 06:31:34,,,,0:0:1,0
comer ,2024-10-02 07:20:04,2024-10-02 07:20:04,,comer ,,0:0:0,0
Work,2024-10-02 08:00:55,2024-10-02 09:09:36,,,,1:8:41,68
pee,2024-10-02 08:42:02,2024-10-02 08:42:03,,,,0:0:1,0
coffee,2024-10-02 08:56:58,2024-10-02 08:56:59,9 240 arabica,,,0:0:1,0
correr,2024-10-02 09:11:41,2024-10-02 10:30:18,,,,1:18:37,78
coffee,2024-10-02 11:27:42,2024-10-02 11:27:43,,,,0:0:1,0
water ,2024-10-02 11:28:00,2024-10-02 11:28:01,,water,,0:0:1,0
comer ,2024-10-02 11:28:05,2024-10-02 11:28:09,,comer ,,0:0:4,0
pee,2024-10-02 11:28:40,2024-10-02 11:28:41,,,,0:0:1,0
Work,2024-10-02 11:35:36,2024-10-02 12:35:43,,,,1:0:7,60
water ,2024-10-02 12:35:48,2024-10-02 12:35:49,,water,,0:0:1,0
relaxation ,2024-10-02 12:43:48,2024-10-02 13:06:45,,,,0:22:57,22
pee,2024-10-02 13:13:27,2024-10-02 13:13:28,,,,0:0:1,0
Work,2024-10-02 13:33:11,2024-10-02 14:00:10,,,,0:26:59,26
water ,2024-10-02 13:44:10,2024-10-02 13:44:11,,water,,0:0:1,0
Work,2024-10-02 14:45:51,2024-10-02 15:45:34,,,,0:59:43,59
water ,2024-10-02 15:00:10,2024-10-02 15:00:10,,water,,0:0:0,0
comer ,2024-10-02 15:00:14,2024-10-02 15:00:14,,comer ,,0:0:0,0
coding,2024-10-02 15:45:51,2024-10-02 16:30:07,,,,0:44:16,44
Izan ,2024-10-02 16:29:13,2024-10-02 17:41:43,,,,1:12:30,72
comer ,2024-10-02 18:54:42,2024-10-02 18:54:51,,comer ,,0:0:9,0
water ,2024-10-02 18:54:45,2024-10-02 18:54:46,,water,,0:0:1,0
pee,2024-10-02 18:54:48,2024-10-02 18:54:49,,,,0:0:1,0
pee,2024-10-02 19:51:21,2024-10-02 19:51:22,,,,0:0:1,0
read ,2024-10-02 19:51:25,2024-10-02 20:01:46,,read,,0:10:21,10
relaxing music,2024-10-02 20:01:45,2024-10-03 04:47:07,,,,8:45:22,525
pee,2024-10-03 04:47:12,2024-10-03 04:47:13,,,,0:0:1,0
ducha,2024-10-03 04:47:17,2024-10-03 05:05:39,,,,0:18:22,18
weight ,2024-10-03 04:48:50,2024-10-03 04:48:51,7.9% 58.4kg 51.1kg 69.1%,,,0:0:1,0
Work,2024-10-03 05:16:52,2024-10-03 07:18:10,,,,2:1:18,121
coffee,2024-10-03 05:26:28,2024-10-03 05:26:29,,,,0:0:1,0
coffee,2024-10-03 06:36:29,2024-10-03 06:36:30,,,,0:0:1,0
Izan ,2024-10-03 07:05:27,2024-10-03 07:19:41,,,,0:14:14,14
relaxation ,2024-10-03 07:22:52,2024-10-03 07:52:44,,,,0:29:52,29
coffee,2024-10-03 08:11:06,2024-10-03 08:11:07,,,,0:0:1,0
